,genre,percentage
0,Drama,45.45454545454545
1,Documentary,18.181818181818183
2,Comedy,18.181818181818183
3,Action,9.090909090909092
4,Crime,9.090909090909092
