,genre,percentage
0,Drama,45.45454545454545
1,Comedy,9.090909090909092
2,Documentary,18.181818181818183
3,Short,9.090909090909092
4,Crime,9.090909090909092
5,Animation,9.090909090909092
