,genre,percentage
0,Drama,13.636363636363635
1,Comedy,36.36363636363637
2,Short,13.636363636363635
3,Adventure,4.545454545454546
4,Documentary,9.090909090909092
5,Animation,9.090909090909092
6,Biography,4.545454545454546
7,Horror,4.545454545454546
8,Action,4.545454545454546
